{"cameraMode":{"drawMode":0,"name":"Shaded","section":"Shading Mode"},"sceneLighting":false,"audioPlay":false,"sceneViewState":{"m_AlwaysRefresh":false,"showFog":true,"showSkybox":false,"showFlares":true,"showImageEffects":true,"showParticleSystems":true,"showVisualEffectGraphs":true,"m_FxEnabled":true},"in2DMode":false,"pivot":{"x":-0.04655122756958008,"y":1.0807344913482667,"z":1.9935510158538819},"rotation":{"x":0.10638321191072464,"y":0.6217779517173767,"z":-0.08537237346172333,"w":0.771414577960968},"size":1.8425917625427247,"orthographic":false}