{"cameraMode":{"drawMode":0,"name":"Shaded","section":"Shading Mode"},"sceneLighting":false,"audioPlay":false,"sceneViewState":{"m_AlwaysRefresh":false,"showFog":true,"showSkybox":false,"showFlares":true,"showImageEffects":true,"showParticleSystems":true,"showVisualEffectGraphs":true,"m_FxEnabled":true},"in2DMode":false,"pivot":{"x":-0.07608973234891892,"y":-0.0077244555577635769,"z":-0.07768245786428452},"rotation":{"x":-0.24003544449806214,"y":0.6767963767051697,"z":-0.2505604028701782,"w":-0.6494477987289429},"size":0.6022621393203735,"orthographic":false}